{"RuleTriggered": 0, "Violations": 0, "Details": {"pin_memory": false, "num_workers": 0, "cores": 4, "dataloaders": 1, "dataloading_time": {"p25": 0.035368250000000004, "p50": 0.0359045, "p95": 0.04747409999999999, "probs": [1, 0, 0, 2, 0, 2, 0, 0, 1, 1, 0, 0, 0, 0, 1, 0, 0, 0, 0, 0, 0, 0, 0, 0, 0, 0, 0, 0, 0, 0, 0, 0, 0, 0, 0, 1, 0, 0, 0, 0, 0, 0, 0, 0, 0, 0, 0, 0, 0, 0, 0, 0, 0, 0, 0, 0, 0, 0, 0, 0, 0, 0, 0, 0, 0, 0, 0, 0, 0, 0, 0, 0, 0, 0, 0, 0, 0, 0, 0, 0, 0, 0, 0, 0, 0, 0, 0, 0, 0, 0, 0, 0, 0, 0, 0, 0, 0, 0, 0, 1], "binedges": [0.034626, 0.03480741, 0.03498882, 0.03517023, 0.03535164, 0.03553305, 0.035714459999999996, 0.035895869999999996, 0.036077279999999996, 0.036258689999999996, 0.036440099999999996, 0.036621509999999996, 0.036802919999999996, 0.036984329999999996, 0.037165739999999996, 0.037347149999999996, 0.037528559999999996, 0.037709969999999995, 0.037891379999999995, 0.038072789999999995, 0.038254199999999995, 0.038435609999999995, 0.038617019999999995, 0.038798429999999995, 0.03897984, 0.039161249999999995, 0.03934266, 0.039524069999999994, 0.03970548, 0.03988689, 0.0400683, 0.04024971, 0.04043112, 0.04061253, 0.04079394, 0.04097535, 0.04115676, 0.04133817, 0.04151958, 0.04170099, 0.0418824, 0.04206381, 0.04224522, 0.04242663, 0.04260804, 0.04278945, 0.04297086, 0.04315227, 0.04333368, 0.04351509, 0.0436965, 0.04387791, 0.04405932, 0.04424073, 0.04442214, 0.04460355, 0.04478496, 0.04496637, 0.04514778, 0.04532919, 0.0455106, 0.04569201, 0.04587342, 0.04605483, 0.04623624, 0.04641765, 0.04659906, 0.04678047, 0.04696188, 0.04714329, 0.0473247, 0.047506110000000004, 0.04768752, 0.047868930000000004, 0.04805034, 0.048231750000000004, 0.04841316, 0.048594570000000004, 0.04877598, 0.04895739, 0.049138799999999996, 0.04932021, 0.049501619999999996, 0.04968303, 0.04986444, 0.05004585, 0.05022726, 0.05040867, 0.050590079999999996, 0.05077149, 0.0509529, 0.05113431, 0.05131572, 0.05149713, 0.05167854, 0.05185995, 0.05204136, 0.05222277, 0.05240418, 0.05258559, 0.052767]}}, "Datapoints": 10, "RuleParameters": "min_threshold:70\nmax_threshold:200"}