{"RuleTriggered": 0, "Violations": 0, "Details": {"step_num": {"first": 1669917438550858, "last": 1669920539995957}, "job_start": 1669917359.004694, "job_end": 1669920539.505444}, "Datapoints": 15715, "RuleParameters": "threshold:20"}