{"RuleTriggered": 0, "Violations": 0, "Details": {"ratio": {"cpu_functions": 100.0}, "phase": {"Step:ModeKeys.TRAIN": 15.957021534768653, "others": 5.072776041670753, "Step:ModeKeys.EVAL": 78.9702024235606}, "phase_time": {}, "CPU": {"aten::conv2d": 6.984720602897598, "aten::convolution": 6.964201492585913, "aten::_convolution": 6.946949545615948, "aten::mkldnn_convolution": 6.900558033706308, "aten::batch_norm": 19.981617791117223, "aten::_batch_norm_impl_index": 19.953449545008873, "aten::native_batch_norm": 19.91956376305251, "aten::select": 8.306696570041414, "enumerate(DataLoader)#_SingleProcessDataLoaderIter.__next__": 4.042242655974212}, "CPU_total": {"aten::conv2d": 632805, "aten::convolution": 630946, "aten::_convolution": 629383, "aten::mkldnn_convolution": 625180, "aten::batch_norm": 1810304, "aten::_batch_norm_impl_index": 1807752, "aten::native_batch_norm": 1804682, "aten::select": 752574, "enumerate(DataLoader)#_SingleProcessDataLoaderIter.__next__": 366221}, "general": {"DataLoaderIterInitialize": 0.00015909772131324475, "DataLoaderIter": 0.013796942771359951, "Forward": 99.98604395950733}}, "Datapoints": 0, "RuleParameters": ""}