{"RuleTriggered": 93, "Violations": 2988, "Details": {"step_details": {"algo-1-28": {"step_stats": {"mean": 0.16191262712942675, "max": 3.78849, "p99": 0.2534060799999999, "p95": 0.1762822, "p50": 0.144081, "min": 0.112363}, "number_of_outliers": 93, "phase": "Step:ModeKeys.EVAL", "stddev": 0.17, "probs": [4, 2, 0, 0, 1, 1, 0, 0, 0, 0, 0, 0, 0, 0, 0, 0, 0, 1, 2593, 3982, 1496, 1319, 1310, 704, 455, 346, 279, 185, 175, 117, 105, 84, 61, 46, 37, 35, 25, 23, 28, 15, 14, 14, 14, 19, 17, 25, 14, 13, 13, 17, 20, 14, 16, 23, 22, 18, 29, 15, 21, 20, 27, 28, 23, 22, 16, 22, 13, 5, 6, 4, 2, 5, 1, 0, 2, 6, 1, 2, 0, 0, 2, 0, 0, 2, 1, 1, 2, 1, 3, 16, 18, 19, 9, 3, 1, 0, 2, 1, 0, 1], "binedges": [0.112363, 0.11392604, 0.11548908000000001, 0.11705212000000001, 0.11861516, 0.1201782, 0.12174124, 0.12330428, 0.12486732, 0.12643036, 0.1279934, 0.12955644, 0.13111948, 0.13268252, 0.13424556, 0.1358086, 0.13737164000000002, 0.13893468, 0.14049772, 0.14206076, 0.1436238, 0.14518684, 0.14674988, 0.14831292000000001, 0.14987596, 0.151439, 0.15300204, 0.15456508, 0.15612812, 0.15769116, 0.1592542, 0.16081724, 0.16238028, 0.16394332, 0.16550636000000002, 0.1670694, 0.16863244, 0.17019548, 0.17175852, 0.17332155999999999, 0.1748846, 0.17644764000000002, 0.17801068, 0.17957372, 0.18113676, 0.1826998, 0.18426283999999998, 0.18582588, 0.18738892000000001, 0.18895196, 0.190515, 0.19207804, 0.19364108000000002, 0.19520411999999998, 0.19676716, 0.1983302, 0.19989324, 0.20145628, 0.20301932, 0.20458236000000002, 0.20614539999999998, 0.20770844, 0.20927148, 0.21083452, 0.21239755999999999, 0.2139606, 0.21552364000000002, 0.21708668, 0.21864972, 0.22021276, 0.2217758, 0.22333883999999998, 0.22490188, 0.22646492000000001, 0.22802796, 0.229591, 0.23115404, 0.23271708, 0.23428011999999998, 0.23584316, 0.2374062, 0.23896923999999997, 0.24053228, 0.24209532, 0.24365836000000002, 0.24522139999999998, 0.24678444, 0.24834748, 0.24991051999999997, 0.25147356, 0.2530366, 0.25459964, 0.25616268, 0.25772572, 0.25928876, 0.2608518, 0.26241484, 0.26397788, 0.26554092, 0.26710396, 0.268667], "step_numbers": ["0", "1", "2", "3", "4", "4", "5", "6", "7", "8", "9", "1573", "1574", "1575", "1576", "1577", "1578", "1579", "1579", "1580", "1581", "1582", "3146", "3147", "3148", "3149", "3150", "3151", "3152", "3153", "3153", "3154", "3155", "4719", "4720", "4721", "4722", "4723", "4724", "4725", "4726", "4727", "4728", "6292", "6293", "6294", "6295", "6296", "6297", "6298", "6299", "6300", "6301", "7865", "7866", "7867", "7868", "7869", "7870", "7871", "7872", "7873", "7874", "9438", "9439", "9440", "9441", "9442", "9443", "9444", "9445", "9446", "9447", "11011", "11012", "11013", "11014", "11015", "11016", "11017", "11018", "11019", "11020", "12584", "12585", "12586", "12587", "12588", "12589", "12590", "12591", "12592", "12593"]}}, "ratio": {"cpu_functions": 100.0}, "CPU": {"aten::conv2d": 6.679977413557032, "aten::convolution": 6.658694980913471, "aten::_convolution": 6.640611064158539, "aten::mkldnn_convolution": 6.593494464722216, "aten::batch_norm": 21.641896621506085, "aten::_batch_norm_impl_index": 21.615693395187712, "aten::native_batch_norm": 21.578664422784755, "aten::select": 8.5909676371702}, "CPU_total": {"aten::conv2d": 108600, "aten::convolution": 108254, "aten::_convolution": 107960, "aten::mkldnn_convolution": 107194, "aten::batch_norm": 351844, "aten::_batch_norm_impl_index": 351418, "aten::native_batch_norm": 350816, "aten::select": 139668}, "phase": {"Step:ModeKeys.TRAIN": 14.059551734665826, "Step:ModeKeys.EVAL": 85.94044826533418}, "phase_time": {}, "general": {"Forward": 100.0}}, "Datapoints": 15715, "RuleParameters": "threshold:3\nmode:None\nn_outliers:10\nstddev:3"}